tecnologia,tempo_ms,tamanho_bytes
REST,2.641902,330
GraphQL,3.221791,56
REST,2.878644,330
GraphQL,3.555345,57
REST,2.254467,328
GraphQL,7.475294,53
REST,7.107490,330
GraphQL,7.210257,56
REST,5.123473,322
GraphQL,6.744969,53
REST,2.412908,327
GraphQL,3.026597,54
REST,3.710365,320
GraphQL,19.274585,53
REST,3.163036,324
GraphQL,9.225413,55
REST,2.105148,324
GraphQL,3.100951,53
REST,2.581106,325
GraphQL,3.205889,51
REST,2.686807,325
GraphQL,3.597329,52
REST,2.120836,330
GraphQL,3.278780,57
REST,1.976681,325
GraphQL,5.880296,55
REST,2.841784,325
GraphQL,2.848689,55
REST,1.902508,325
GraphQL,3.210961,53
REST,1.962919,328
GraphQL,2.942228,54
REST,2.241721,327
GraphQL,4.079691,54
REST,2.139162,328
GraphQL,3.035104,56
REST,2.206911,327
GraphQL,2.856437,52
REST,1.851876,326
GraphQL,3.258910,54
REST,1.887209,328
GraphQL,3.695501,56
REST,2.128230,324
GraphQL,2.896108,52
REST,2.014081,327
GraphQL,2.999406,53
REST,1.889794,326
GraphQL,5.756688,54
REST,1.840184,324
GraphQL,3.309885,53
REST,1.807336,333
GraphQL,3.135065,58
REST,2.704091,326
GraphQL,3.181933,57
REST,1.832995,324
GraphQL,3.377681,53
REST,1.573433,324
GraphQL,3.035796,53
REST,1.940406,329
GraphQL,2.492406,52
REST,3.921749,323
GraphQL,5.167712,53
REST,4.331793,324
GraphQL,3.000207,52
REST,2.176742,325
GraphQL,13.405264,51
REST,2.339244,328
GraphQL,3.282747,54
REST,1.839617,324
GraphQL,2.592001,53
REST,1.627839,325
GraphQL,2.295529,55
REST,1.335895,331
GraphQL,1.994649,57
REST,1.861967,326
GraphQL,2.865349,54
REST,1.597474,330
GraphQL,2.424366,56
REST,1.439993,321
GraphQL,4.505086,50
REST,2.674453,322
GraphQL,2.525224,53
REST,4.804497,324
GraphQL,2.901730,52
REST,1.834248,325
GraphQL,4.685530,53
REST,1.885676,329
GraphQL,2.836905,57
REST,2.138700,325
GraphQL,3.717920,52
REST,6.182703,326
GraphQL,2.603629,57
REST,2.021947,325
GraphQL,2.309616,53
REST,1.846902,324
GraphQL,2.734039,52
REST,1.859296,327
GraphQL,2.869718,54
REST,1.791106,330
GraphQL,2.326128,57
REST,1.614657,327
GraphQL,2.412062,59
REST,2.293641,325
GraphQL,3.530301,51
REST,1.952613,327
GraphQL,3.242280,54
REST,2.188144,327
GraphQL,3.049583,52
REST,2.256596,327
GraphQL,3.120096,52
REST,2.758254,327
GraphQL,3.472030,54
REST,2.220716,327
GraphQL,15.025692,52
REST,2.572840,322
GraphQL,3.187054,53
REST,9.080594,327
GraphQL,3.066695,55
REST,2.326449,325
GraphQL,3.430800,51
REST,1.976700,323
GraphQL,2.901999,53
REST,2.449424,325
GraphQL,2.936248,53
REST,2.115039,325
GraphQL,7.687791,55
REST,2.282905,328
GraphQL,2.796658,56
REST,2.440327,326
GraphQL,2.780697,55
REST,1.814023,323
GraphQL,2.469742,53
REST,1.809921,333
GraphQL,2.510996,58
REST,2.078093,325
GraphQL,2.199010,57
REST,1.584270,320
GraphQL,2.090238,52
REST,2.098554,330
GraphQL,2.630164,57
REST,1.642792,324
GraphQL,2.634723,52
REST,2.326580,327
GraphQL,2.903422,56
REST,1.652530,325
GraphQL,2.743867,55
REST,1.851296,324
GraphQL,2.446108,53
REST,1.546693,329
GraphQL,2.479751,55
REST,1.799431,324
GraphQL,4.696427,52
REST,2.270692,325
GraphQL,2.792961,51
REST,1.283599,325
GraphQL,2.764136,52
REST,1.538853,326
GraphQL,2.547511,54
REST,2.099183,323
GraphQL,3.025606,53
REST,2.067654,327
GraphQL,2.201950,55
REST,1.451015,332
GraphQL,2.588975,57
REST,2.562099,327
GraphQL,1.921656,53
REST,1.268530,326
GraphQL,1.643917,54
REST,1.088773,327
GraphQL,2.152175,54
REST,1.274682,327
GraphQL,1.582696,59
REST,1.726777,323
GraphQL,2.000095,53
REST,1.543662,329
GraphQL,1.993983,56
REST,1.235122,325
GraphQL,2.353460,51
REST,1.185166,327
GraphQL,2.236006,53
REST,1.368758,326
GraphQL,2.530170,57
REST,1.696083,329
GraphQL,2.051694,57
REST,1.376242,328
GraphQL,1.414166,55
REST,1.295950,321
GraphQL,2.022529,50
REST,1.179385,324
GraphQL,2.431479,52
REST,1.091266,320
GraphQL,2.520260,52
REST,1.278805,323
GraphQL,2.139290,53
REST,1.189134,327
GraphQL,1.975256,53
REST,1.579800,328
GraphQL,1.741686,54
REST,1.799209,324
GraphQL,2.269640,52
REST,1.834792,327
GraphQL,2.098744,54
REST,1.546092,324
GraphQL,1.903280,52
REST,0.997197,330
GraphQL,2.273889,56
REST,1.542770,324
GraphQL,2.239833,52
REST,1.358523,327
GraphQL,2.484200,54
REST,1.595881,325
GraphQL,1.999703,55
REST,1.750873,327
GraphQL,1.694210,52
REST,1.576410,320
GraphQL,1.963034,53
REST,1.725560,322
GraphQL,2.770213,53
REST,1.775916,325
GraphQL,1.930482,55
REST,1.213234,325
GraphQL,2.224393,51
REST,1.372214,330
GraphQL,2.699021,56
REST,1.673821,333
GraphQL,2.703790,58
REST,1.405427,328
GraphQL,2.270830,54
REST,1.543952,325
GraphQL,2.598018,51
REST,1.528132,325
GraphQL,2.525059,52
REST,1.358158,327
GraphQL,2.505532,52
REST,1.593959,325
GraphQL,2.563132,57
REST,1.781738,328
GraphQL,2.222771,56
REST,1.681555,325
GraphQL,2.474604,53
REST,1.836724,328
GraphQL,2.504439,54
REST,1.408173,327
GraphQL,1.789958,59
REST,1.587115,325
GraphQL,1.941273,55
REST,1.301008,325
GraphQL,2.073667,55
REST,1.372635,324
GraphQL,2.278167,53
REST,1.223654,328
GraphQL,2.162801,53
REST,1.662364,327
GraphQL,1.744335,52
REST,1.708582,333
GraphQL,2.237509,58
REST,1.925642,331
GraphQL,2.044329,57
REST,2.119323,326
GraphQL,2.377436,54
REST,1.821293,327
GraphQL,2.306290,52
REST,1.802889,327
GraphQL,1.958946,52
REST,1.239193,330
GraphQL,2.492014,56
REST,1.813880,325
GraphQL,2.482478,55
REST,1.673064,328
GraphQL,2.021426,54
REST,1.599698,325
GraphQL,2.229012,51
REST,1.410449,320
GraphQL,1.690079,52
REST,1.636761,330
GraphQL,1.858434,57
REST,1.728264,329
GraphQL,1.775821,57
REST,1.467967,330
GraphQL,2.421270,53
REST,1.671286,324
GraphQL,2.316870,52
REST,1.297602,325
GraphQL,2.174527,53
REST,1.589379,328
GraphQL,2.525681,56
REST,1.454516,332
GraphQL,2.133580,57
REST,1.235753,328
GraphQL,1.522511,54
REST,1.639760,325
GraphQL,1.689761,55
REST,1.349371,330
GraphQL,2.135919,56
REST,1.318810,329
GraphQL,1.977573,56
REST,1.176812,326
GraphQL,1.635838,53
REST,1.352356,328
GraphQL,1.396812,54
REST,1.204313,325
GraphQL,1.649670,55
REST,0.965881,328
GraphQL,1.897346,56
REST,1.113391,329
GraphQL,1.760146,57
REST,1.377275,325
GraphQL,1.756344,55
REST,0.973059,326
GraphQL,1.672101,53
REST,1.178532,330
GraphQL,1.210615,56
REST,0.958242,326
GraphQL,2.336533,54
REST,1.178749,326
GraphQL,2.071713,55
REST,1.264551,326
GraphQL,1.293153,57
REST,1.085273,327
GraphQL,1.259038,55
REST,1.087374,327
GraphQL,1.187860,59
REST,0.794735,325
GraphQL,1.267223,52
REST,1.329460,326
GraphQL,1.488812,55
REST,1.055056,330
GraphQL,1.544118,56
REST,0.918162,326
GraphQL,1.203661,57
REST,1.079153,326
GraphQL,1.479182,53
REST,0.851879,324
GraphQL,1.648703,52
REST,0.937808,328
GraphQL,1.512272,53
REST,1.387253,331
GraphQL,1.607792,57
REST,1.082360,327
GraphQL,1.545342,54
REST,0.976608,325
GraphQL,1.345143,55
REST,1.080789,322
GraphQL,1.278385,53
REST,0.823294,333
GraphQL,1.755036,58
REST,1.138654,325
GraphQL,2.046533,55
REST,1.454431,333
GraphQL,2.459341,58
REST,1.522641,328
GraphQL,5.628903,56
REST,1.901410,325
GraphQL,4.282840,51
REST,1.768181,327
GraphQL,2.005594,52
REST,0.969003,328
GraphQL,1.666717,56
REST,0.949004,327
GraphQL,1.296192,53
REST,0.800090,326
GraphQL,1.411690,54
REST,0.904370,324
GraphQL,1.157926,53
REST,1.047601,325
GraphQL,1.304949,57
REST,0.811068,325
GraphQL,1.348900,52
REST,0.943003,327
GraphQL,1.322138,52
REST,0.867068,324
GraphQL,1.560118,55
REST,0.898077,329
GraphQL,1.378796,56
REST,1.173113,327
GraphQL,1.758979,59
REST,1.199074,330
GraphQL,2.104478,57
REST,1.592104,329
GraphQL,2.406432,57
REST,1.070507,328
GraphQL,1.318847,53
REST,1.172142,325
GraphQL,1.345574,52
REST,0.825321,326
GraphQL,2.243961,55
REST,1.250242,324
GraphQL,1.793620,55
REST,1.236650,320
GraphQL,1.556406,52
REST,1.539999,330
GraphQL,1.481688,53
REST,1.228629,329
GraphQL,1.444300,56
REST,1.014040,327
GraphQL,1.879785,54
REST,1.088562,326
GraphQL,1.191739,54
REST,1.070977,325
GraphQL,1.445830,55
REST,1.052793,328
GraphQL,1.618800,55
REST,1.296970,328
GraphQL,1.361978,54
REST,1.080105,328
GraphQL,1.519678,53
REST,1.523112,328
GraphQL,2.346596,55
REST,1.331415,330
GraphQL,1.999334,56
REST,1.697049,322
GraphQL,2.529326,53
REST,1.346274,325
GraphQL,1.276300,53
REST,1.164862,325
GraphQL,1.877652,55
REST,1.225523,329
GraphQL,2.100014,57
REST,1.371260,325
GraphQL,1.886177,55
REST,1.323265,326
GraphQL,2.586126,54
REST,1.567132,320
GraphQL,1.873343,53
REST,1.684421,329
GraphQL,2.049606,55
REST,1.627261,329
GraphQL,2.220987,57
REST,1.735469,327
GraphQL,2.654576,56
REST,3.244460,330
GraphQL,2.674425,57
REST,1.206182,325
GraphQL,1.518934,52
REST,1.450303,324
GraphQL,1.599949,53
REST,1.339792,327
GraphQL,2.105617,54
REST,1.188153,322
GraphQL,1.932676,53
REST,1.277002,329
GraphQL,1.592525,57
REST,1.545320,322
GraphQL,1.880756,53
REST,2.301110,321
GraphQL,2.087601,50
REST,1.128148,330
GraphQL,2.287714,57
REST,1.089267,325
GraphQL,2.400326,51
REST,1.400933,326
GraphQL,2.527717,54
REST,1.767750,328
GraphQL,2.468488,55
REST,1.638003,325
GraphQL,1.987100,57
REST,1.394436,331
GraphQL,1.573684,57
REST,1.290929,320
GraphQL,1.956255,53
REST,1.090370,326
GraphQL,1.708006,54
REST,1.322724,332
GraphQL,1.565635,57
REST,1.267995,326
GraphQL,1.596012,55
REST,0.924888,327
GraphQL,1.587556,55
REST,0.843737,326
GraphQL,1.302601,55
REST,1.154743,327
GraphQL,1.563689,56
REST,1.008399,327
GraphQL,1.521058,55
REST,1.150270,327
GraphQL,1.563656,55
REST,1.203391,327
GraphQL,1.536314,53
REST,0.874487,327
GraphQL,1.470295,54
REST,1.006705,323
GraphQL,1.297421,53
REST,1.058350,321
GraphQL,1.339657,50
REST,0.955427,329
GraphQL,1.466058,57
REST,0.974291,328
GraphQL,1.413001,56
REST,1.115579,322
GraphQL,1.414635,53
REST,0.778359,329
GraphQL,1.529209,57
REST,0.919053,328
GraphQL,1.207278,56
REST,0.851258,327
GraphQL,1.523223,52
REST,0.848805,320
GraphQL,1.271284,52
REST,1.040991,327
GraphQL,1.620130,52
REST,0.885399,325
GraphQL,1.424533,55
REST,0.983461,328
GraphQL,1.523794,55
REST,1.068089,327
GraphQL,1.189259,52
REST,0.831285,331
GraphQL,1.217328,57
REST,0.986496,322
GraphQL,1.199413,53
REST,0.844505,329
GraphQL,1.781236,57
REST,0.978090,330
GraphQL,1.236872,53
REST,1.082730,325
GraphQL,1.240232,57
REST,0.845179,323
GraphQL,1.441712,53
REST,0.841045,330
GraphQL,1.136476,57
REST,0.908235,322
GraphQL,1.479378,53
REST,1.065998,321
GraphQL,1.369418,50
REST,1.287242,325
GraphQL,2.180310,51
REST,1.150169,324
GraphQL,1.575012,52
REST,1.085436,325
GraphQL,1.418863,55
REST,0.839104,321
GraphQL,1.106246,50
REST,0.824657,322
GraphQL,1.802566,53
REST,1.081874,329
GraphQL,1.355381,56
REST,1.050990,332
GraphQL,1.427816,57
REST,0.898966,331
GraphQL,1.408549,57
REST,0.915217,327
GraphQL,1.303320,52
REST,1.133775,328
GraphQL,1.465515,56
REST,1.036008,326
GraphQL,2.188508,57
REST,1.046958,325
GraphQL,1.365868,55
REST,1.123956,327
GraphQL,1.853539,52
REST,0.933693,324
GraphQL,1.737737,52
REST,0.992675,327
GraphQL,1.280185,54
REST,1.777775,323
GraphQL,2.311031,53
REST,1.672082,325
GraphQL,1.932364,51
REST,1.550766,321
GraphQL,2.088277,50
REST,1.004312,328
GraphQL,1.829803,56
REST,0.935155,330
GraphQL,1.255436,56
REST,1.328625,326
GraphQL,1.480708,54
REST,1.080924,327
GraphQL,1.437763,54
REST,1.361474,324
GraphQL,2.222313,52
REST,1.845573,330
GraphQL,2.434809,53
REST,1.487541,325
GraphQL,1.951862,53
REST,1.200457,320
GraphQL,1.555730,53
REST,1.157681,328
GraphQL,1.802713,53
REST,1.178489,328
GraphQL,1.984931,56
REST,1.093498,323
GraphQL,1.269769,53
REST,1.098136,324
GraphQL,1.329880,55
REST,0.958480,320
GraphQL,1.453510,53
REST,1.082427,325
GraphQL,1.336082,55
REST,1.054042,324
GraphQL,1.365186,53
REST,1.175715,327
GraphQL,1.674658,54
REST,0.958610,326
GraphQL,1.442504,53
REST,0.983669,323
GraphQL,1.609783,53
REST,0.903455,329
GraphQL,1.240669,57
REST,0.940064,322
GraphQL,1.332093,53
REST,0.877975,328
GraphQL,2.210651,54
REST,1.106392,326
GraphQL,1.367130,57
REST,0.984400,325
GraphQL,1.247551,55
REST,0.992785,325
GraphQL,1.366548,52
REST,0.850433,326
GraphQL,1.278162,54
REST,0.952398,327
GraphQL,1.159148,53
REST,0.919451,326
GraphQL,1.445955,57
REST,1.030909,327
GraphQL,1.296045,59
REST,0.869646,327
GraphQL,1.376843,55
REST,0.827140,328
GraphQL,1.470743,56
REST,1.085463,322
GraphQL,1.241035,53
REST,0.909938,328
GraphQL,1.680645,56
REST,0.944042,326
GraphQL,1.329358,53
REST,0.949964,327
GraphQL,1.390776,56
REST,0.939394,325
GraphQL,1.087246,53
REST,0.950666,329
GraphQL,1.274133,55
REST,0.974891,331
GraphQL,1.665902,57
REST,1.171477,328
GraphQL,1.350727,54
REST,1.192216,324
GraphQL,1.506235,55
REST,1.002063,324
GraphQL,1.467050,52
REST,0.946367,328
GraphQL,1.181786,56
REST,0.988918,325
GraphQL,1.598241,53
REST,1.158039,327
GraphQL,1.626651,53
REST,1.028594,325
GraphQL,1.250508,55
REST,0.876233,326
GraphQL,1.854361,54
REST,0.954542,325
GraphQL,1.614423,55
REST,1.068149,329
GraphQL,1.340740,57
REST,1.060124,325
GraphQL,1.993314,55
REST,2.042891,327
GraphQL,2.457201,54
REST,1.880951,330
GraphQL,2.734100,56
REST,1.436392,327
GraphQL,1.967908,52
REST,1.319670,326
GraphQL,2.940474,54
REST,2.104417,328
GraphQL,2.031478,56
REST,1.232243,326
GraphQL,1.548517,54
REST,1.086393,330
GraphQL,1.680187,56
REST,1.168372,324
GraphQL,1.450139,52
REST,1.169172,325
GraphQL,1.683734,53
REST,0.910890,328
GraphQL,1.279171,53
REST,0.944584,323
GraphQL,1.439769,53
REST,0.909647,325
GraphQL,1.197286,57
REST,0.930457,328
GraphQL,1.319318,54
REST,0.844523,323
GraphQL,4.258721,53
REST,1.072868,328
GraphQL,1.667974,56
REST,1.020188,329
GraphQL,1.298268,56
REST,1.035176,323
GraphQL,1.661251,53
REST,0.839433,325
GraphQL,1.328081,55
REST,1.088158,321
GraphQL,1.374424,50
REST,1.724733,329
GraphQL,1.939573,57
REST,1.207134,326
GraphQL,1.910658,57
REST,1.281827,333
GraphQL,2.179461,58
REST,1.434454,327
GraphQL,1.792392,53
REST,1.293554,325
GraphQL,1.825285,55
REST,1.226562,320
GraphQL,1.684887,52
REST,1.025037,329
GraphQL,1.834001,52
REST,1.279342,332
GraphQL,1.882835,57
REST,1.419540,327
GraphQL,1.406725,55
REST,0.931017,333
GraphQL,1.500004,58
REST,1.048422,328
GraphQL,1.229617,54
REST,1.064411,327
GraphQL,1.327845,54
REST,0.884969,327
GraphQL,1.613400,56
REST,1.124236,329
GraphQL,1.274884,57
REST,1.013704,324
GraphQL,1.259414,53
REST,0.889989,326
GraphQL,1.295453,57
REST,1.232242,328
GraphQL,1.365197,53
REST,0.866826,324
GraphQL,1.298449,53
REST,0.854091,320
GraphQL,1.318787,52
REST,1.461741,327
GraphQL,2.054493,54
REST,1.540381,325
GraphQL,2.349946,55
REST,1.677838,322
GraphQL,2.188717,53
REST,1.525934,331
GraphQL,2.167738,57
REST,1.570198,326
GraphQL,2.650430,53
REST,1.416313,327
GraphQL,2.068579,52
REST,1.417295,328
GraphQL,1.976913,54
REST,1.885631,329
GraphQL,1.953279,57
REST,1.383191,324
GraphQL,1.548236,53
REST,1.079501,320
GraphQL,1.943120,53
REST,1.267736,325
GraphQL,1.729502,55
REST,1.118315,330
GraphQL,1.656282,56
REST,1.093709,325
GraphQL,1.639309,53
REST,0.920528,325
GraphQL,1.926578,55
REST,1.089490,325
GraphQL,1.387860,55
REST,1.278596,324
GraphQL,1.475728,53
REST,1.054343,324
GraphQL,1.837950,52
REST,0.925998,332
GraphQL,1.491442,57
REST,1.256291,325
GraphQL,1.567598,55
REST,1.094535,329
GraphQL,1.442875,57
REST,1.215230,327
GraphQL,2.163821,55
REST,1.681065,326
GraphQL,3.142721,54
REST,2.242061,322
GraphQL,2.016829,53
REST,1.383692,333
GraphQL,2.434428,58
REST,1.817249,333
GraphQL,2.594813,58
REST,1.628288,326
GraphQL,2.153852,53
REST,1.148583,327
GraphQL,1.584204,55
REST,1.358554,327
GraphQL,1.669577,54
REST,1.146048,320
GraphQL,1.395304,53
REST,0.857026,328
GraphQL,1.807018,53
REST,1.316929,328
GraphQL,1.989679,56
REST,1.392699,322
GraphQL,1.629451,53
REST,1.398960,327
GraphQL,1.856234,54
REST,1.631926,327
GraphQL,1.679901,52
REST,1.122503,329
GraphQL,2.263351,57
REST,1.032942,326
GraphQL,1.617167,55
REST,1.811418,327
GraphQL,1.575608,59
REST,1.173017,326
GraphQL,1.676856,54
REST,1.044619,326
GraphQL,1.874464,54
REST,1.111321,329
GraphQL,1.567162,56
REST,1.386493,327
GraphQL,1.497805,53
REST,1.039083,330
GraphQL,1.659409,56
REST,1.350380,324
GraphQL,2.005950,55
REST,1.441682,323
GraphQL,1.576089,53
REST,1.375135,321
GraphQL,2.034284,50
REST,1.601202,325
GraphQL,2.484845,55
REST,1.342603,325
GraphQL,1.870139,53
REST,1.782182,329
GraphQL,2.717498,52
REST,1.734571,324
GraphQL,2.768536,52
REST,1.809534,325
GraphQL,2.043796,52
REST,1.383722,329
GraphQL,2.332444,57
REST,1.196335,330
GraphQL,2.032259,57
REST,1.210011,326
GraphQL,2.053701,55
REST,1.229457,326
GraphQL,1.554448,57
REST,1.299134,321
GraphQL,1.519711,50
REST,0.930166,327
GraphQL,1.847117,56
REST,0.926589,322
GraphQL,1.275325,53
REST,1.231860,329
GraphQL,1.513845,57
REST,1.021721,329
GraphQL,1.991392,57
REST,1.012878,326
GraphQL,1.295363,54
REST,1.453826,320
GraphQL,1.508498,52
REST,0.948148,326
GraphQL,1.410418,57
REST,0.946076,333
GraphQL,1.409822,58
REST,0.812862,331
GraphQL,1.602169,57
REST,0.912782,324
GraphQL,1.337864,53
REST,1.010349,327
GraphQL,1.332194,59
REST,1.333887,325
GraphQL,2.210030,55
REST,1.240891,327
GraphQL,1.810737,56
REST,0.989239,327
GraphQL,1.326011,59
REST,1.124297,321
GraphQL,1.565448,50
REST,1.127572,325
GraphQL,1.621716,55
REST,1.085893,327
GraphQL,1.380055,56
REST,1.248814,324
GraphQL,1.438327,53
REST,1.018716,325
GraphQL,1.922022,57
REST,1.065575,330
GraphQL,2.162990,56
REST,1.034515,320
GraphQL,1.651913,52
REST,1.072688,328
GraphQL,1.537406,53
REST,1.047200,321
GraphQL,2.140131,50
REST,1.096042,328
GraphQL,1.537035,54
REST,1.032863,329
GraphQL,1.656017,57
REST,1.012884,322
GraphQL,1.610725,53
REST,1.042460,326
GraphQL,1.834172,54
REST,0.858950,320
GraphQL,1.130092,53
REST,0.792231,324
GraphQL,1.408160,52
REST,0.788133,332
GraphQL,1.087196,57
REST,0.970706,326
GraphQL,1.239667,53
REST,1.055895,324
GraphQL,1.237713,52
REST,1.148037,327
GraphQL,1.443571,54
REST,0.754163,320
GraphQL,1.474487,53
REST,0.788265,325
GraphQL,1.176596,53
REST,1.053010,325
GraphQL,1.216121,52
REST,0.903155,325
GraphQL,1.340560,55
REST,1.339958,324
GraphQL,1.246270,52
REST,0.788626,330
GraphQL,1.162109,56
REST,0.738219,333
GraphQL,1.005549,58
REST,0.844632,325
GraphQL,1.184030,53
REST,0.810277,327
GraphQL,1.003616,52
REST,0.896412,329
GraphQL,0.997835,57
REST,0.694256,322
GraphQL,1.138694,53
REST,1.069648,325
GraphQL,1.251589,53
REST,0.768467,323
GraphQL,1.023434,53
REST,0.862176,328
GraphQL,1.078669,56
REST,0.722931,331
GraphQL,1.192036,57
REST,0.861515,325
GraphQL,1.148773,53
REST,0.697322,333
GraphQL,0.927911,58
REST,0.766153,327
GraphQL,0.967047,52
REST,0.913054,325
GraphQL,1.175434,55
REST,0.902162,329
GraphQL,1.112936,56
REST,0.793315,325
GraphQL,1.285104,55
REST,0.810448,328
GraphQL,1.154334,54
REST,0.733290,327
GraphQL,1.228856,54
REST,0.718081,326
GraphQL,1.041137,54
REST,0.730434,326
GraphQL,1.148834,55
REST,0.878448,325
GraphQL,1.082327,55
REST,1.035026,321
GraphQL,1.180023,50
REST,0.873277,326
GraphQL,0.995852,57
REST,0.889348,330
GraphQL,1.246639,53
REST,0.745975,327
GraphQL,1.057900,52
REST,0.781482,325
GraphQL,1.089830,52
REST,0.680770,325
GraphQL,1.148743,53
REST,0.875581,327
GraphQL,1.119538,52
REST,0.722209,327
GraphQL,1.404030,53
REST,0.769318,326
GraphQL,1.042410,57
REST,0.772255,324
GraphQL,1.419520,53
REST,0.917762,325
GraphQL,1.270866,53
REST,1.045817,322
GraphQL,1.154474,53
REST,0.770371,325
GraphQL,1.043622,51
REST,1.031399,331
GraphQL,1.247642,57
REST,0.806169,329
GraphQL,1.336542,57
REST,0.996122,322
GraphQL,1.094078,53
REST,0.842639,325
GraphQL,1.139215,57
REST,0.760272,329
GraphQL,0.970964,57
REST,0.794968,328
GraphQL,1.019146,56
REST,0.784748,328
GraphQL,1.353925,56
REST,1.230855,325
GraphQL,1.298920,57
REST,0.854862,331
GraphQL,1.636139,57
REST,0.879297,324
GraphQL,1.357822,53
REST,0.967848,327
GraphQL,1.106283,53
REST,0.809015,326
GraphQL,1.099619,54
REST,0.903904,322
GraphQL,1.030127,53
REST,0.943882,324
GraphQL,1.135538,53
REST,0.877456,326
GraphQL,1.181088,55
REST,0.744363,329
GraphQL,1.066037,52
REST,0.732604,325
GraphQL,1.144976,53
REST,0.813964,328
GraphQL,1.700937,56
REST,0.930702,323
GraphQL,1.155897,53
REST,0.902533,327
GraphQL,1.232003,55
REST,0.754881,326
GraphQL,1.038404,54
REST,0.909718,326
GraphQL,1.103487,57
REST,0.777455,326
GraphQL,1.297417,54
REST,0.919946,326
GraphQL,1.097075,54
REST,0.746576,327
GraphQL,1.279904,52
REST,0.843091,328
GraphQL,1.107334,56
REST,0.873042,325
GraphQL,1.715564,52
REST,0.888497,322
GraphQL,1.206585,53
REST,0.831728,321
GraphQL,1.127313,50
REST,0.740814,324
GraphQL,1.198583,53
REST,1.090282,325
GraphQL,1.269754,57
REST,0.796920,328
GraphQL,1.339872,54
REST,0.829831,326
GraphQL,1.182989,54
REST,0.968992,327
GraphQL,1.226954,52
REST,0.747798,328
GraphQL,1.003795,56
REST,0.950736,326
GraphQL,1.035837,55
REST,0.735434,327
GraphQL,1.229545,56
REST,0.918662,328
GraphQL,1.119267,54
REST,0.702189,331
GraphQL,1.057846,57
REST,0.736785,325
GraphQL,0.988265,57
REST,0.833203,325
GraphQL,1.542935,53
REST,1.505139,324
GraphQL,2.434037,52
REST,1.246560,329
GraphQL,1.606506,52
REST,1.223576,325
GraphQL,1.653326,53
REST,1.244010,333
GraphQL,2.110582,58
REST,1.472612,328
GraphQL,3.387496,54
REST,0.999017,328
GraphQL,1.295664,53
REST,0.803013,327
GraphQL,1.125188,59
REST,0.839222,329
GraphQL,1.056026,57
REST,0.693294,330
GraphQL,1.116973,57
REST,0.780530,329
GraphQL,0.977648,57
REST,0.667594,327
GraphQL,1.513770,54
REST,0.794216,320
GraphQL,1.132482,53
REST,0.895129,320
GraphQL,1.325622,53
REST,0.826603,327
GraphQL,1.369014,54
REST,1.057939,326
GraphQL,1.528218,54
REST,0.970464,326
GraphQL,1.407367,53
REST,0.894784,329
GraphQL,1.229713,57
REST,0.981304,325
GraphQL,1.965302,51
REST,0.946757,330
GraphQL,1.454807,57
REST,0.819735,322
GraphQL,1.568284,53
REST,1.193498,328
GraphQL,1.405473,55
REST,0.925727,328
GraphQL,1.288175,56
REST,0.841376,325
GraphQL,1.215141,51
REST,0.784447,322
GraphQL,1.472170,53
REST,0.881403,326
GraphQL,1.086960,55
REST,0.740172,325
GraphQL,1.217935,51
REST,1.089440,330
GraphQL,1.301856,56
REST,1.199820,325
GraphQL,2.050976,51
REST,0.838441,320
GraphQL,1.507208,52
REST,0.839903,322
GraphQL,1.114398,53
REST,1.020249,327
GraphQL,1.200432,56
REST,0.798816,326
GraphQL,1.184652,53
REST,1.271858,323
GraphQL,1.443385,53
REST,0.969781,328
GraphQL,1.190553,56
REST,0.861986,324
GraphQL,1.038873,52
REST,0.835109,328
GraphQL,1.104068,56
REST,0.709936,332
GraphQL,0.989489,57
REST,0.667515,323
GraphQL,1.130960,53
REST,0.778848,325
GraphQL,1.221462,55
REST,0.735855,327
GraphQL,1.163923,56
REST,0.715846,324
GraphQL,0.950715,52
REST,0.915228,326
GraphQL,1.117814,54
REST,0.774930,327
GraphQL,1.255138,52
REST,0.874499,325
GraphQL,0.997774,55
REST,0.693504,325
GraphQL,0.921880,55
REST,0.845655,325
GraphQL,0.972206,52
REST,0.695608,328
GraphQL,0.909536,56
REST,0.896231,324
GraphQL,0.977266,53
REST,0.702373,322
GraphQL,0.900720,53
REST,0.806575,330
GraphQL,1.106533,57
REST,0.820820,330
GraphQL,1.117202,56
REST,0.775521,324
GraphQL,1.067697,52
REST,0.702930,326
GraphQL,1.032830,55
REST,0.837308,327
GraphQL,1.065074,54
REST,0.779924,320
GraphQL,1.112335,52
REST,0.845098,328
GraphQL,1.083978,53
REST,0.712009,325
GraphQL,1.023905,51
REST,0.933841,326
GraphQL,1.150736,54
REST,0.908836,325
GraphQL,1.307597,51
REST,0.771455,327
GraphQL,1.045087,54
REST,0.844172,325
GraphQL,1.412556,55
REST,0.810638,322
GraphQL,1.288381,53
REST,0.924695,326
GraphQL,1.138935,57
REST,0.828514,326
GraphQL,1.097400,57
REST,0.967083,328
GraphQL,1.205717,56
REST,0.818428,322
GraphQL,1.554528,53
REST,0.876073,322
GraphQL,1.129416,53
REST,0.957974,325
GraphQL,1.194140,51
REST,0.787614,325
GraphQL,1.160901,55
REST,1.062636,328
GraphQL,1.223138,53
REST,0.738188,326
GraphQL,1.045357,54
REST,0.840615,325
GraphQL,1.127733,55
REST,0.748049,327
GraphQL,1.364693,54
REST,0.822921,329
GraphQL,1.139758,57
REST,0.742657,325
GraphQL,1.191683,55
REST,0.965468,323
GraphQL,1.333375,53
REST,0.994268,331
GraphQL,1.315567,57
REST,0.825010,326
GraphQL,1.079311,54
REST,0.852097,327
GraphQL,1.131290,54
REST,0.859481,325
GraphQL,1.101974,53
REST,1.090533,329
GraphQL,1.326542,57
REST,0.892674,326
GraphQL,1.447603,57
REST,1.146093,324
GraphQL,1.236931,53
REST,1.020599,327
GraphQL,1.247965,54
REST,0.774787,327
GraphQL,0.992054,52
REST,0.810155,327
GraphQL,1.126690,54
REST,0.772114,329
GraphQL,1.090552,57
REST,1.018976,327
GraphQL,1.372829,59
REST,0.783098,325
GraphQL,1.370326,55
REST,0.787814,330
GraphQL,1.149153,57
REST,1.105415,329
GraphQL,1.357911,56
REST,0.801871,325
GraphQL,1.047395,51
REST,0.890140,327
GraphQL,1.005961,54
REST,0.762627,327
GraphQL,1.278038,54
REST,0.817506,325
GraphQL,1.221242,53
REST,0.786086,325
GraphQL,1.398855,53
REST,0.981284,327
GraphQL,1.380876,52
REST,0.953029,330
GraphQL,1.716893,56
REST,0.941778,333
GraphQL,1.196504,58
REST,1.125083,329
GraphQL,1.543237,57
REST,1.059140,328
GraphQL,1.770325,55
REST,1.065449,325
GraphQL,1.334407,57
REST,1.666046,323
GraphQL,1.929258,53
REST,1.471019,322
GraphQL,1.848509,53
REST,1.050815,324
GraphQL,2.148392,52
REST,1.008165,329
GraphQL,1.561241,57
REST,1.441061,324
GraphQL,1.888656,53
REST,1.129912,329
GraphQL,2.081615,52
REST,1.401315,327
GraphQL,2.275475,56
REST,1.459636,324
GraphQL,2.084039,53
REST,1.231260,333
GraphQL,1.802591,58
REST,1.167174,324
GraphQL,1.991988,53
REST,1.426008,324
GraphQL,1.807395,55
REST,1.354075,329
GraphQL,1.986902,55
REST,1.397033,328
GraphQL,1.775960,53
REST,1.148453,322
GraphQL,1.795427,53
REST,1.029275,324
GraphQL,1.451225,53
REST,1.353224,328
GraphQL,1.828180,54
REST,1.307478,323
GraphQL,1.796233,53
REST,1.273512,322
GraphQL,1.748088,53
REST,1.127494,322
GraphQL,1.505574,53
REST,1.131039,320
GraphQL,1.488712,53
REST,1.140930,328
GraphQL,3.434377,53
REST,1.892103,328
GraphQL,2.075453,56
REST,1.567782,329
GraphQL,2.753278,56
REST,1.467892,325
GraphQL,1.420723,51
REST,1.254465,326
GraphQL,2.233315,55
REST,1.648166,327
GraphQL,2.838440,53
REST,2.281155,326
GraphQL,1.489850,54
REST,1.149564,325
GraphQL,1.628482,53
REST,0.989198,329
GraphQL,1.749521,57
REST,1.153391,325
GraphQL,1.457642,52
REST,1.255311,330
GraphQL,1.472561,56
REST,0.979978,327
GraphQL,1.995160,54
REST,1.233450,327
GraphQL,1.596199,55
REST,1.168782,323
GraphQL,1.645587,53
REST,1.376659,330
GraphQL,1.672252,57
REST,0.925707,328
GraphQL,1.799627,56
REST,2.067708,322
GraphQL,2.252961,53
REST,1.130198,326
GraphQL,1.469436,57
REST,1.217193,326
GraphQL,1.794707,54
REST,1.165295,324
GraphQL,1.772664,53
REST,1.142909,326
GraphQL,1.917781,57
REST,1.307687,329
GraphQL,1.753476,52
REST,1.115730,324
GraphQL,1.460662,53
REST,1.538833,326
GraphQL,1.495385,54
REST,0.966270,328
GraphQL,1.608812,56
REST,0.997535,323
GraphQL,1.595115,53
REST,1.552385,328
GraphQL,2.119203,54
REST,1.927590,332
GraphQL,2.520497,57
REST,1.502578,322
GraphQL,2.186089,53
REST,1.917737,329
GraphQL,2.336031,52
REST,1.214100,329
GraphQL,1.770154,57
REST,1.120448,329
GraphQL,1.903902,52
REST,1.179191,330
GraphQL,2.018123,56
REST,3.800932,325
GraphQL,2.410683,53
REST,1.270867,325
GraphQL,1.760311,53
REST,1.341226,326
GraphQL,1.673275,54
REST,1.171566,326
GraphQL,1.530742,55
REST,1.109402,330
GraphQL,1.554468,57
REST,1.524408,324
GraphQL,2.130809,52
REST,1.375287,327
GraphQL,2.230258,59
REST,1.425671,325
GraphQL,1.775403,55
REST,1.223887,330
GraphQL,1.370671,56
REST,1.581090,323
GraphQL,1.958658,53
REST,1.067974,329
GraphQL,1.974752,55
REST,1.353248,322
GraphQL,2.232281,53
REST,1.382750,329
GraphQL,1.867110,56
REST,1.100501,329
GraphQL,1.600831,52
REST,1.471661,326
GraphQL,1.537395,57
REST,1.090512,322
GraphQL,1.605982,53
REST,1.038853,330
GraphQL,1.381413,56
REST,1.322210,332
GraphQL,1.343506,57
REST,1.110370,329
GraphQL,1.523445,52
REST,1.025854,330
GraphQL,1.379429,56
REST,1.199701,325
GraphQL,1.552324,51
REST,1.640394,325
GraphQL,1.481006,52
REST,0.996312,330
GraphQL,1.749235,53
REST,1.029506,320
GraphQL,1.578834,53
REST,1.701458,325
GraphQL,1.573669,55
REST,1.226271,329
GraphQL,1.361149,52
REST,0.905159,324
GraphQL,1.552825,53
REST,0.908890,326
GraphQL,1.486453,54
REST,1.383972,325
GraphQL,1.749511,52
REST,1.709122,325
GraphQL,1.745252,51
REST,1.301024,333
GraphQL,2.026219,58
REST,1.468728,329
GraphQL,2.483299,57
REST,2.667437,332
GraphQL,1.986683,57
REST,1.502158,329
GraphQL,2.386576,57
REST,1.393360,324
GraphQL,6.032809,53
REST,1.702550,325
GraphQL,2.754208,55
REST,4.203645,328
GraphQL,5.513448,53
REST,1.644780,327
GraphQL,1.904536,53
REST,1.515323,325
GraphQL,2.467636,53
REST,1.171617,325
GraphQL,1.653417,55
REST,1.520933,328
GraphQL,1.803192,54
REST,2.057467,321
GraphQL,2.057833,50
REST,1.746345,325
GraphQL,2.414118,55
REST,1.419089,322
GraphQL,2.030181,53
REST,1.099517,325
GraphQL,1.672465,55
REST,1.051949,332
GraphQL,1.259284,57
REST,1.806750,322
GraphQL,1.515411,53
REST,0.988464,327
GraphQL,1.363854,53
REST,0.902725,323
GraphQL,2.141238,53
REST,1.162539,329
GraphQL,1.293019,52
REST,1.404657,332
GraphQL,1.327425,57
REST,1.287169,330
GraphQL,1.817840,56
REST,1.287258,326
GraphQL,1.945755,57
REST,1.116912,328
GraphQL,2.322098,55
REST,1.007834,324
GraphQL,1.091103,53
REST,0.936509,320
GraphQL,1.183079,52
REST,1.592411,326
GraphQL,1.571680,57
REST,0.868018,325
GraphQL,1.112443,52
REST,0.848129,328
GraphQL,1.122713,55
REST,2.102343,327
GraphQL,1.745211,52
REST,0.995570,326
GraphQL,1.355969,57
REST,1.335731,325
GraphQL,1.654839,52
REST,0.982025,330
GraphQL,1.413359,57
REST,0.895760,328
GraphQL,1.159042,54
REST,1.360012,324
GraphQL,1.406846,55
REST,0.856475,328
GraphQL,1.346801,54
REST,0.806650,326
GraphQL,1.255317,53
REST,1.725199,329
GraphQL,1.456846,57
REST,1.573418,328
GraphQL,2.656791,54
REST,1.542766,325
GraphQL,2.256468,53
REST,1.437595,328
GraphQL,1.397707,53
REST,1.601763,327
GraphQL,2.471119,59
REST,1.476551,331
GraphQL,2.084469,57
REST,2.128283,324
GraphQL,2.765729,53
REST,1.524827,325
GraphQL,3.272628,51
REST,1.794145,327
GraphQL,2.298242,54
REST,1.159038,325
GraphQL,2.280774,52
REST,1.106729,328
GraphQL,1.710090,56
REST,1.332134,326
GraphQL,1.841545,57
REST,1.767024,325
GraphQL,1.789937,53
REST,1.416183,325
GraphQL,1.389448,51
REST,1.331171,327
GraphQL,1.702099,55
REST,1.177098,326
GraphQL,1.668361,57
REST,0.967888,328
GraphQL,1.637699,56
REST,1.597891,328
GraphQL,1.718621,53
REST,0.924701,329
GraphQL,1.886437,57
REST,0.935576,324
GraphQL,1.228283,52
REST,1.383178,325
GraphQL,1.283169,51
REST,0.900271,324
GraphQL,1.909871,52
REST,1.028123,320
GraphQL,1.247682,52
REST,1.093774,326
GraphQL,1.356119,54
REST,0.848583,325
GraphQL,1.655551,52
REST,1.177358,326
GraphQL,1.454430,55
REST,0.942379,326
GraphQL,1.259280,53
REST,0.905621,331
GraphQL,1.005041,57
REST,1.070067,333
GraphQL,1.083268,58
REST,0.711869,330
GraphQL,1.186771,56
REST,0.792403,328
GraphQL,1.194991,56
REST,0.827760,325
GraphQL,1.324126,53
REST,0.729072,327
GraphQL,1.153843,59
REST,0.712652,327
GraphQL,1.564929,53
REST,1.207321,324
GraphQL,1.657345,52
REST,1.155546,325
GraphQL,1.501681,55
REST,1.709539,326
GraphQL,1.575477,54
REST,1.453844,326
GraphQL,1.572472,54
REST,1.980462,326
GraphQL,3.248341,54
REST,1.916387,323
GraphQL,1.538447,53
REST,2.832267,329
GraphQL,2.830659,56
REST,2.155891,329
GraphQL,2.843609,56
REST,2.108355,326
GraphQL,2.018985,55
REST,1.364747,327
GraphQL,1.432956,54
REST,0.910989,326
GraphQL,1.687331,53
REST,1.142031,330
GraphQL,1.993265,53
REST,0.959191,332
GraphQL,1.521194,57
REST,1.202294,325
GraphQL,1.634601,53
REST,1.205311,333
GraphQL,1.801699,58
REST,1.201736,324
GraphQL,1.231772,55
REST,1.503711,322
GraphQL,1.912983,53
REST,1.290474,328
GraphQL,2.178219,56
REST,1.309751,327
GraphQL,2.021599,55
REST,1.169112,328
GraphQL,1.981442,53
REST,1.433096,324
GraphQL,2.283900,52
REST,1.563966,324
GraphQL,2.098067,52
REST,1.818854,325
GraphQL,2.238205,55
REST,1.552539,324
GraphQL,1.784467,53
REST,1.089020,324
GraphQL,2.164883,55
REST,1.445570,325
GraphQL,2.159327,55
REST,1.561632,327
GraphQL,2.146989,53
REST,1.509552,324
GraphQL,2.379117,55
REST,1.939769,325
GraphQL,2.291500,57
REST,1.222254,332
GraphQL,1.923184,57
REST,1.268672,328
GraphQL,2.036147,56
REST,0.976795,327
GraphQL,1.254375,52
REST,1.560467,324
GraphQL,1.633088,52
REST,1.162819,326
GraphQL,1.854781,57
REST,0.921760,328
GraphQL,1.308088,54
REST,1.205642,327
GraphQL,1.393741,54
REST,1.132938,330
GraphQL,1.471580,53
REST,0.910498,320
GraphQL,1.107075,53
REST,0.981989,328
GraphQL,1.125959,56
REST,0.919906,320
GraphQL,1.587049,53
REST,0.831518,331
GraphQL,1.109729,57
REST,0.714945,327
GraphQL,1.517287,56
REST,0.989599,327
GraphQL,1.550405,55
REST,0.937009,327
GraphQL,1.226570,54
REST,0.796330,329
GraphQL,2.255190,52
REST,1.292908,327
GraphQL,2.028377,54
REST,1.115510,325
GraphQL,1.654439,51
REST,1.287678,327
GraphQL,1.268387,55
REST,1.124207,325
GraphQL,1.308142,55
REST,0.923894,329
GraphQL,1.156197,57
REST,1.260619,329
GraphQL,1.407898,52
REST,1.304981,328
GraphQL,2.570858,54
REST,1.595522,330
GraphQL,1.749851,57
REST,1.022993,329
GraphQL,1.655460,56
REST,0.899988,324
GraphQL,1.375486,52
REST,1.001083,322
GraphQL,1.161537,53
REST,0.834143,326
GraphQL,1.135788,55
REST,0.851816,324
GraphQL,1.157344,53
REST,0.750362,324
GraphQL,1.321874,53
REST,0.974861,327
GraphQL,1.285945,54
REST,0.889868,324
GraphQL,1.271918,53
REST,0.887204,329
GraphQL,1.332314,57
REST,1.072757,328
GraphQL,1.284713,56
REST,0.883276,324
GraphQL,1.299341,52
REST,0.988909,327
GraphQL,1.386057,52
REST,0.983729,326
GraphQL,1.290115,57
REST,0.898826,322
GraphQL,1.412427,53
REST,1.269864,322
GraphQL,1.579029,53
REST,1.085893,326
GraphQL,1.670149,53
REST,1.030397,325
GraphQL,1.569568,53
REST,1.030237,329
GraphQL,1.445562,57
REST,0.872156,327
GraphQL,1.216171,55
REST,0.878346,326
GraphQL,0.957788,57
REST,0.922291,327
GraphQL,0.946286,53
REST,0.729453,323
GraphQL,0.980181,53
REST,0.788385,328
GraphQL,0.987655,54
REST,0.752847,326
GraphQL,1.070544,57
REST,0.761965,324
GraphQL,1.064673,52
REST,0.695417,322
GraphQL,1.106351,53
REST,0.975673,330
GraphQL,1.148974,56
REST,0.767195,331
GraphQL,1.292789,57
REST,0.792343,320
GraphQL,0.978448,52
REST,0.863630,327
GraphQL,1.071735,54
REST,0.731286,326
GraphQL,1.125509,53
REST,0.989439,329
GraphQL,1.083258,56
REST,0.818683,328
GraphQL,1.028093,55
REST,0.907793,327
GraphQL,1.389392,59
REST,0.864531,325
GraphQL,1.503916,53
REST,0.796751,325
GraphQL,1.109832,51
REST,1.135879,327
GraphQL,1.668645,54
REST,0.898034,325
GraphQL,1.512427,51
REST,1.138814,327
GraphQL,1.461030,55
REST,0.921811,327
GraphQL,1.080137,52
REST,0.798835,325
GraphQL,0.999478,57
REST,0.838656,327
GraphQL,1.007658,52
REST,0.728100,326
GraphQL,1.040660,57
REST,0.721207,327
GraphQL,0.989765,53
REST,0.663397,325
GraphQL,0.970724,51
REST,0.750899,327
GraphQL,1.004057,52
REST,0.676602,330
GraphQL,0.902734,53
REST,0.711062,326
GraphQL,1.109764,53
REST,0.652325,329
GraphQL,0.925056,57
REST,0.683745,320
GraphQL,0.950013,52
REST,0.759662,320
GraphQL,1.066937,52
REST,0.738049,326
GraphQL,0.968048,54
REST,0.642045,322
GraphQL,0.942750,53
REST,0.842488,325
GraphQL,0.975733,55
REST,0.843351,326
GraphQL,1.134616,54
REST,0.750122,326
GraphQL,0.996562,54
REST,0.655271,320
GraphQL,1.027542,52
REST,0.808253,324
GraphQL,1.000299,52
REST,0.700918,326
GraphQL,1.140820,57
REST,0.845454,325
GraphQL,1.177528,53
REST,0.749296,328
GraphQL,1.078028,56
REST,0.778617,320
GraphQL,0.885782,52
REST,0.664589,324
GraphQL,1.093397,52
REST,0.670730,325
GraphQL,1.061145,55
REST,0.650492,333
GraphQL,1.368208,58
REST,0.767009,324
GraphQL,0.931423,53
REST,0.701609,326
GraphQL,1.044774,53
REST,0.951737,325
GraphQL,1.190733,53
REST,1.060805,322
GraphQL,1.253464,53
REST,0.897604,329
GraphQL,1.056171,55
REST,0.973002,327
GraphQL,1.067943,55
REST,0.731492,327
GraphQL,1.070344,54
REST,0.687854,329
GraphQL,0.908114,56
REST,0.704239,325
GraphQL,1.030668,55
REST,0.662094,328
GraphQL,0.980412,53
REST,0.901626,326
GraphQL,1.132934,54
REST,0.707961,320
GraphQL,0.955489,53
REST,0.728031,330
GraphQL,1.018304,56
REST,0.673696,325
GraphQL,0.911770,57
REST,0.640483,328
GraphQL,0.912983,54
REST,0.647676,327
GraphQL,0.843490,54
REST,0.658732,327
GraphQL,0.833942,52
REST,0.687363,322
GraphQL,0.844312,53
REST,0.634241,320
GraphQL,0.885862,52
REST,0.772240,325
GraphQL,0.983728,52
REST,0.706218,325
GraphQL,0.854923,51
REST,0.733931,320
GraphQL,1.104107,52
REST,0.926549,325
GraphQL,1.429980,51
REST,0.771172,329
GraphQL,1.059798,55
REST,0.694902,326
GraphQL,1.412987,54
REST,0.775671,330
GraphQL,1.138094,56
REST,0.954643,329
GraphQL,1.051167,57
REST,0.717971,327
GraphQL,1.008935,55
REST,1.219969,326
GraphQL,1.494253,54
REST,0.801039,325
GraphQL,1.341170,52
REST,0.809115,328
GraphQL,1.006892,54
REST,0.680269,326
GraphQL,1.265286,54
REST,0.864010,324
GraphQL,1.391786,52
REST,1.029666,328
GraphQL,1.292447,56
REST,0.966069,330
GraphQL,1.209704,53
REST,0.768407,327
GraphQL,1.033213,54
REST,0.715326,329
GraphQL,1.395824,55
REST,0.771202,320
GraphQL,1.272009,52
REST,0.765456,325
GraphQL,1.334567,57
REST,0.807777,327
GraphQL,1.223226,55
REST,0.918676,326
GraphQL,1.094294,54
REST,0.837269,328
GraphQL,1.019786,56
REST,0.850854,321
GraphQL,1.075990,50
REST,0.904837,330
GraphQL,1.484845,57
REST,0.810978,327
GraphQL,1.102856,52
REST,0.911931,325
GraphQL,1.290524,55
REST,0.735294,325
GraphQL,0.991744,55
REST,0.858724,326
GraphQL,1.166457,54
REST,0.744401,323
GraphQL,1.025382,53
REST,0.845444,322
GraphQL,1.066926,53
REST,0.776161,327
GraphQL,1.099097,54
REST,0.941127,326
GraphQL,1.164672,57
REST,0.726506,326
GraphQL,1.439861,57
REST,0.846124,324
GraphQL,1.207816,53
REST,0.746254,332
GraphQL,1.478203,57
REST,0.854431,325
GraphQL,1.189661,53
REST,0.972336,326
GraphQL,1.206776,53
REST,0.826669,324
GraphQL,1.224428,52
REST,0.908465,325
GraphQL,1.057158,57
REST,0.753850,324
GraphQL,1.481138,52
REST,0.780051,327
GraphQL,1.289935,54
REST,0.737828,327
GraphQL,1.256890,59
REST,0.769178,333
GraphQL,1.101202,58
REST,0.958580,327
GraphQL,1.101513,55
REST,0.864100,327
GraphQL,1.352356,52
REST,1.009739,327
GraphQL,1.352151,54
REST,1.150457,325
GraphQL,1.560369,55
REST,0.872645,326
GraphQL,1.746053,55
REST,1.055285,327
GraphQL,1.212195,56
REST,1.088387,324
GraphQL,1.539119,52
REST,0.894929,332
GraphQL,1.167489,57
REST,0.965704,327
GraphQL,1.225339,53
REST,0.770039,325
GraphQL,1.392971,55
REST,0.992195,321
GraphQL,1.128496,50
REST,0.856425,322
GraphQL,1.455368,53
REST,0.848703,324
GraphQL,1.150837,52
REST,1.002714,329
GraphQL,1.467792,52
REST,0.855964,328
GraphQL,1.337232,56
REST,0.927020,325
GraphQL,1.249876,55
REST,0.895139,326
GraphQL,1.733861,54
REST,0.849722,325
GraphQL,1.060996,55
REST,0.956406,326
GraphQL,1.209800,54
REST,0.889041,330
GraphQL,1.272720,56
REST,0.951987,328
GraphQL,1.172172,56
REST,0.877254,329
GraphQL,1.507055,57
REST,0.911381,322
GraphQL,1.268240,53
REST,1.171126,333
GraphQL,1.219970,58
REST,0.917612,323
GraphQL,1.302454,53
REST,0.955916,328
GraphQL,1.181165,53
REST,0.861936,333
GraphQL,1.494533,58
REST,0.840455,323
GraphQL,1.075363,53
REST,1.010469,325
GraphQL,1.203347,52
